RunDate,PredDate
2021-03-24,2023-12-31
2021-03-25,2023-12-26
2021-04-01,2022-06-16
2021-04-13,2022-04-27
2021-04-16,2022-03-21
2021-04-21,2022-02-16
2021-04-30,2021-11-12
2021-05-04,2021-09-30
2021-05-10,2021-08-11
2021-05-12,2021-08-05
2021-05-14,2021-08-01
2021-05-17,2021-07-29
2021-05-19,2021-07-29
2021-05-21,2021-07-29
2021-05-24,2021-07-28
2021-05-26,2021-07-29
2021-05-28,2021-07-29
2021-06-01,2021-07-28
2021-06-08,2021-07-27
2021-06-09,2021-07-26
2021-06-10,2021-07-25
2021-06-11,2021-07-25
2021-06-15,2021-07-25
2021-06-18,2021-07-27
2021-06-22,2021-07-29
2021-06-25,2021-07-31
2021-06-29,2021-08-01
2021-07-01,2021-08-02
2021-07-05,2021-08-01
2021-07-06,2021-08-01
2021-07-08,2021-08-01
2021-07-09,2021-08-01
